show_id,date,venue,city,state,country,rating
december-31-1995-madison-square-garden-new-york-ny-usa,1995-12-31,Madison Square Garden,New York,NY,USA,4.645
december-01-1995-hersheypark-arena-hershey-pa-usa,1995-12-01,Hersheypark Arena,Hershey,PA,USA,4.568
november-14-1995-university-of-central-florida-arena-orlando-fl-usa,1995-11-14,University of Central Florida Arena,Orlando,FL,USA,4.567
december-14-1995-broome-county-arena-binghamton-ny-usa,1995-12-14,Broome County Veterans Memorial Arena,Binghamton,NY,USA,4.566
june-26-1995-saratoga-performing-arts-center-saratoga-springs-ny-usa,1995-06-26,Saratoga Performing Arts Center,Saratoga Springs,NY,USA,4.544
june-14-1995-mud-island-amphitheater-memphis-tn-usa,1995-06-14,Mud Island Amphitheater,Memphis,TN,USA,4.54
december-07-1995-niagara-falls-convention-center-niagara-falls-ny-usa,1995-12-07,Niagara Falls Convention Center,Niagara Falls,NY,USA,4.529
october-31-1995-rosemont-horizon-rosemont-il-usa,1995-10-31,Rosemont Horizon,Rosemont,IL,USA,4.528
october-21-1995-pershing-auditorium-lincoln-ne-usa,1995-10-21,Pershing Auditorium,Lincoln,NE,USA,4.516
december-09-1995-knickerbocker-arena-albany-ny-usa,1995-12-09,Knickerbocker Arena,Albany,NY,USA,4.498
june-20-1995-blossom-music-center-cuyahoga-falls-oh-usa,1995-06-20,Blossom Music Center,Cuyahoga Falls,OH,USA,4.497
june-22-1995-finger-lakes-performing-arts-center-canandaigua-ny-usa,1995-06-22,Finger Lakes Performing Arts Center,Canandaigua,NY,USA,4.488
december-29-1995-worcester-centrum-centre-worcester-ma-usa,1995-12-29,Worcester Centrum Centre,Worcester,MA,USA,4.48
june-15-1995-lakewood-amphitheatre-atlanta-ga-usa,1995-06-15,Lakewood Amphitheatre,Atlanta,GA,USA,4.477
november-30-1995-ervin-j-nutter-center-wright-state-university-dayton-oh-usa,1995-11-30,"Ervin J. Nutter Center, Wright State University",Dayton,OH,USA,4.452
december-05-1995-mullins-center-university-of-massachusetts-amherst-ma-usa,1995-12-05,"Mullins Center, University of Massachusetts",Amherst,MA,USA,4.449
december-02-1995-new-haven-veterans-memorial-coliseum-new-haven-ct-usa,1995-12-02,New Haven Veterans Memorial Coliseum,New Haven,CT,USA,4.448
october-24-1995-dane-county-coliseum-madison-wi-usa,1995-10-24,Dane County Coliseum,Madison,WI,USA,4.448
november-11-1995-the-fox-theatre-atlanta-ga-usa,1995-11-11,The Fox Theatre,Atlanta,GA,USA,4.436
december-11-1995-cumberland-county-civic-center-portland-me-usa,1995-12-11,Cumberland County Civic Center,Portland,ME,USA,4.42
october-22-1995-assembly-hall-university-of-illinois-champaign-il-usa,1995-10-22,"Assembly Hall, University of Illinois",Champaign,IL,USA,4.418
july-03-1995-summer-stage-at-sugarbush-north-fayston-vt-usa,1995-07-03,Summerstage at Sugarbush North,Fayston,VT,USA,4.412
december-08-1995-csu-convocation-center-cleveland-oh-usa,1995-12-08,CSU Convocation Center,Cleveland,OH,USA,4.398
june-19-1995-deer-creek-music-center-noblesville-in-usa,1995-06-19,Deer Creek Music Center,Noblesville,IN,USA,4.393
june-16-1995-walnut-creek-amphitheater-raleigh-nc-usa,1995-06-16,Walnut Creek Amphitheater,Raleigh,NC,USA,4.391
december-17-1995-olympic-center-lake-placid-ny-usa,1995-12-17,Olympic Center,Lake Placid,NY,USA,4.388
november-29-1995-municipal-auditorium-nashville-tn-usa,1995-11-29,Municipal Auditorium,Nashville,TN,USA,4.375
october-11-1995-compton-terrace-amphitheater-chandler-az-usa,1995-10-11,Compton Terrace Amphitheater,Chandler,AZ,USA,4.368
november-09-1995-the-fox-theatre-atlanta-ga-usa,1995-11-09,The Fox Theatre,Atlanta,GA,USA,4.357
october-25-1995-civic-center-arena-st-paul-mn-usa,1995-10-25,St. Paul Civic Center,St. Paul,MN,USA,4.352
november-18-1995-north-charleston-coliseum-north-charleston-sc-usa,1995-11-18,North Charleston Coliseum,North Charleston,SC,USA,4.347
june-10-1995-red-rocks-amphitheatre-morrison-co-usa,1995-06-10,Red Rocks Amphitheatre,Morrison,CO,USA,4.333
may-14-1995-fishs-house-burlington-vt-usa,1995-05-14,Fish's House,Burlington,VT,USA,4.333
november-10-1995-the-fox-theatre-atlanta-ga-usa,1995-11-10,The Fox Theatre,Atlanta,GA,USA,4.298
june-25-1995-the-mann-center-for-the-performing-arts-philadelphia-pa-usa,1995-06-25,The Mann Center for the Performing Arts,Philadelphia,PA,USA,4.279
june-17-1995-nissan-pavilion-at-stone-ridge-bristow-va-usa,1995-06-17,Nissan Pavilion at Stone Ridge,Bristow,VA,USA,4.279
july-01-1995-great-woods-center-for-the-performing-arts-mansfield-ma-usa,1995-07-01,Great Woods Center for the Performing Arts,Mansfield,MA,USA,4.268
december-30-1995-madison-square-garden-new-york-ny-usa,1995-12-30,Madison Square Garden,New York,NY,USA,4.257
may-16-1995-lowell-memorial-auditorium-lowell-ma-usa,1995-05-16,Lowell Memorial Auditorium,Lowell,MA,USA,4.25
december-28-1995-worcester-centrum-centre-worcester-ma-usa,1995-12-28,Worcester Centrum Centre,Worcester,MA,USA,4.244
december-12-1995-providence-civic-center-providence-ri-usa,1995-12-12,Providence Civic Center,Providence,RI,USA,4.226
december-15-1995-corestates-spectrum-philadelphia-pa-usa,1995-12-15,CoreStates Spectrum,Philadelphia,PA,USA,4.215
july-02-1995-summer-stage-at-sugarbush-north-fayston-vt-usa,1995-07-02,Summerstage at Sugarbush North,Fayston,VT,USA,4.215
november-21-1995-lawrence-joel-veterans-memorial-coliseum-winston-salem-nc-usa,1995-11-21,Lawrence Joel Veterans Memorial Coliseum,Winston-Salem,NC,USA,4.2
october-07-1995-spokane-opera-house-spokane-wa-usa,1995-10-07,Spokane Opera House,Spokane,WA,USA,4.162
november-25-1995-hampton-coliseum-hampton-va-usa,1995-11-25,Hampton Coliseum,Hampton,VA,USA,4.16
june-23-1995-waterloo-village-stanhope-nj-usa,1995-06-23,Waterloo Village,Stanhope,NJ,USA,4.153
october-28-1995-the-palace-of-auburn-hills-auburn-hills-mi-usa,1995-10-28,The Palace of Auburn Hills,Auburn Hills,MI,USA,4.136
october-27-1995-wings-stadium-kalamazoo-mi-usa,1995-10-27,Wing's Stadium,Kalamazoo,MI,USA,4.12
october-14-1995-austin-music-hall-austin-tx-usa,1995-10-14,Austin Music Hall,Austin,TX,USA,4.118
october-19-1995-municipal-auditorium-kansas-city-mo-usa,1995-10-19,Municipal Auditorium,Kansas City,MO,USA,4.0
october-29-1995-louisville-gardens-louisville-ky-usa,1995-10-29,Louisville Gardens,Louisville,KY,USA,3.974
november-12-1995-oconnell-center-university-of-florida-gainesville-fl-usa,1995-11-12,"O'Connell Center, University of Florida",Gainesville,FL,USA,3.97
june-28-1995-jones-beach-amphitheater-wantagh-ny-usa,1995-06-28,Jones Beach Amphitheater,Wantagh,NY,USA,3.957
june-24-1995-the-mann-center-for-the-performing-arts-philadelphia-pa-usa,1995-06-24,The Mann Center for the Performing Arts,Philadelphia,PA,USA,3.927
june-29-1995-jones-beach-amphitheater-wantagh-ny-usa,1995-06-29,Jones Beach Amphitheater,Wantagh,NY,USA,3.888
june-30-1995-great-woods-center-for-the-performing-arts-mansfield-ma-usa,1995-06-30,Great Woods Center for the Performing Arts,Mansfield,MA,USA,3.862
november-24-1995-civic-arena-pittsburgh-pa-usa,1995-11-24,Civic Arena,Pittsburgh,PA,USA,3.836
october-17-1995-state-palace-theatre-new-orleans-la-usa,1995-10-17,State Palace Theatre,New Orleans,LA,USA,3.817
november-19-1995-charlotte-coliseum-charlotte-nc-usa,1995-11-19,Charlotte Coliseum,Charlotte,NC,USA,3.807
november-22-1995-usair-arena-landover-md-usa,1995-11-22,USAir Arena,Landover,MD,USA,3.777
june-08-1995-the-delta-center-salt-lake-city-ut-usa,1995-06-08,The Delta Center,Salt Lake City,UT,USA,3.771
june-09-1995-red-rocks-amphitheatre-morrison-co-usa,1995-06-09,Red Rocks Amphitheatre,Morrison,CO,USA,3.769
december-04-1995-mullins-center-university-of-massachusetts-amherst-ma-usa,1995-12-04,"Mullins Center, University of Massachusetts",Amherst,MA,USA,3.698
november-15-1995-sun-dome-university-of-south-florida-tampa-fl-usa,1995-11-15,"Sun Dome, University of South Florida",Tampa,FL,USA,3.695
october-05-1995-memorial-coliseum-portland-or-usa,1995-10-05,Memorial Coliseum,Portland,OR,USA,3.685
december-16-1995-olympic-center-lake-placid-ny-usa,1995-12-16,Olympic Center,Lake Placid,NY,USA,3.667
september-30-1995-shoreline-amphitheatre-mountain-view-ca-usa,1995-09-30,Shoreline Amphitheatre,Mountain View,CA,USA,3.641
june-07-1995-boise-state-university-pavilion-boise-id-usa,1995-06-07,Boise State University Pavilion,Boise,ID,USA,3.588
october-06-1995-the-orpheum-theatre-vancouver-british-columbia-canada,1995-10-06,The Orpheum Theatre,"Vancouver, British Columbia",,Canada,3.579
october-15-1995-austin-music-hall-austin-tx-usa,1995-10-15,Austin Music Hall,Austin,TX,USA,3.552
july-13-1995-ed-sullivan-theater-new-york-ny-usa,1995-07-13,Ed Sullivan Theater,New York,NY,USA,3.55
november-16-1995-west-palm-beach-auditorium-west-palm-beach-fl-usa,1995-11-16,West Palm Beach Auditorium,West Palm Beach,FL,USA,3.547
november-28-1995-knoxville-civic-coliseum-knoxville-tn-usa,1995-11-28,Knoxville Civic Coliseum,Knoxville,TN,USA,3.536
october-13-1995-will-rogers-auditorium-fort-worth-tx-usa,1995-10-13,Will Rogers Auditorium,Fort Worth,TX,USA,3.453
june-13-1995-riverport-amphitheater-maryland-heights-mo-usa,1995-06-13,Riverport Amphitheater,Maryland Heights,MO,USA,3.417
october-20-1995-five-seasons-arena-cedar-rapids-ia-usa,1995-10-20,Five Seasons Arena,Cedar Rapids,IA,USA,3.367
october-02-1995-seattle-center-arena-seattle-wa-usa,1995-10-02,Seattle Center Arena,Seattle,WA,USA,3.279
october-08-1995-adams-fieldhouse-university-of-montana-missoula-mt-usa,1995-10-08,"Adams Fieldhouse, University of Montana",Missoula,MT,USA,3.259
september-27-1995-cal-expo-amphitheater-sacramento-ca-usa,1995-09-27,Cal Expo Amphitheater,Sacramento,CA,USA,3.046
october-03-1995-seattle-center-arena-seattle-wa-usa,1995-10-03,Seattle Center Arena,Seattle,WA,USA,2.96
september-29-1995-greek-theatre-los-angeles-ca-usa,1995-09-29,Greek Theatre,Los Angeles,CA,USA,2.862
september-28-1995-summer-pops-embarcadero-center-san-diego-ca-usa,1995-09-28,"Summer Pops, Embarcadero Center",San Diego,CA,USA,2.656
