show_id,date,venue,city,state,country,rating
december-31-1993-worcester-centrum-centre-worcester-ma-usa,1993-12-31,Worcester Centrum Centre,Worcester,MA,USA,4.625
august-13-1993-murat-theatre-indianapolis-in-usa,1993-08-13,Murat Theatre,Indianapolis,IN,USA,4.563
may-08-1993-field-house-university-of-new-hampshire-durham-nh-usa,1993-05-08,"Field House, University of New Hampshire",Durham,NH,USA,4.517
august-14-1993-world-music-theatre-tinley-park-il-usa,1993-08-14,World Music Theatre,Tinley Park,IL,USA,4.516
august-28-1993-william-randolph-hearst-greek-theatre-berkeley-ca-usa,1993-08-28,"William Randolph Hearst Greek Theatre, University of California, Berkeley",Berkeley,CA,USA,4.504
december-30-1993-cumberland-county-civic-center-portland-me-usa,1993-12-30,Cumberland County Civic Center,Portland,ME,USA,4.5
august-16-1993-american-theater-st-louis-mo-usa,1993-08-16,American Theater,St. Louis,MO,USA,4.497
february-20-1993-roxy-theatre-atlanta-ga-usa,1993-02-20,Roxy Theatre,Atlanta,GA,USA,4.493
august-20-1993-red-rocks-amphitheatre-morrison-co-usa,1993-08-20,Red Rocks Amphitheatre,Morrison,CO,USA,4.487
august-21-1993-saltair-pavilion-salt-lake-city-ut-usa,1993-08-21,Saltair Pavilion,Salt Lake City,UT,USA,4.479
may-06-1993-palace-theatre-albany-ny-usa,1993-05-06,Palace Theatre,Albany,NY,USA,4.473
august-26-1993-arlene-schnitzer-concert-hall-portland-or-usa,1993-08-26,Arlene Schnitzer Concert Hall,Portland,OR,USA,4.472
august-15-1993-the-macauley-theater-louisville-ky-usa,1993-08-15,The Macauley Theater,Louisville,KY,USA,4.471
august-12-1993-meadow-brook-music-festival-rochester-hills-mi-usa,1993-08-12,Meadow Brook Music Festival,Rochester Hills,MI,USA,4.468
august-02-1993-ritz-theatre-tampa-fl-usa,1993-08-02,Ritz Theatre,Tampa,FL,USA,4.463
august-07-1993-darien-lake-performing-arts-center-darien-center-ny-usa,1993-08-07,Darien Lake Performing Arts Center,Darien Center,NY,USA,4.456
may-05-1993-palace-theatre-albany-ny-usa,1993-05-05,Palace Theatre,Albany,NY,USA,4.443
march-22-1993-crest-theatre-sacramento-ca-usa,1993-03-22,Crest Theatre,Sacramento,CA,USA,4.442
april-14-1993-american-theater-st-louis-mo-usa,1993-04-14,American Theater,St. Louis,MO,USA,4.437
august-17-1993-memorial-hall-kansas-city-ks-usa,1993-08-17,Memorial Hall,Kansas City,KS,USA,4.421
march-30-1993-hilton-ballroom-eugene-or-usa,1993-03-30,Hilton Ballroom,Eugene,OR,USA,4.388
july-24-1993-great-woods-center-for-the-performing-arts-mansfield-ma-usa,1993-07-24,Great Woods Center for the Performing Arts,Mansfield,MA,USA,4.378
february-12-1993-mid-hudson-civic-center-poughkeepsie-ny-usa,1993-02-12,Mid-Hudson Civic Center,Poughkeepsie,NY,USA,4.372
march-09-1993-pikes-peak-center-colorado-springs-co-usa,1993-03-09,Pike's Peak Center,Colorado Springs,CO,USA,4.357
may-03-1993-state-theatre-new-brunswick-nj-usa,1993-05-03,State Theatre,New Brunswick,NJ,USA,4.341
march-13-1993-balch-fieldhouse-university-of-colorado-boulder-co-usa,1993-03-13,"Balch Fieldhouse, University of Colorado",Boulder,CO,USA,4.339
february-19-1993-roxy-theatre-atlanta-ga-usa,1993-02-19,Roxy Theatre,Atlanta,GA,USA,4.328
march-14-1993-paul-wright-gym-western-state-college-gunnison-co-usa,1993-03-14,"Paul Wright Gym, Western State College",Gunnison,CO,USA,4.323
august-25-1993-paramount-theatre-seattle-wa-usa,1993-08-25,Paramount Theatre,Seattle,WA,USA,4.321
march-27-1993-warfield-theatre-san-francisco-ca-usa,1993-03-27,Warfield Theatre,San Francisco,CA,USA,4.312
april-03-1993-86th-street-music-hall-vancouver-british-columbia-canada,1993-04-03,86th Street Music Hall,"Vancouver, British Columbia",,Canada,4.297
april-25-1993-kuhl-gym-suny-geneseo-geneseo-ny-usa,1993-04-25,"Kuhl Gym, SUNY Geneseo",Geneseo,NY,USA,4.297
august-24-1993-commodore-ballroom-vancouver-british-columbia-canada,1993-08-24,Commodore Ballroom,"Vancouver, British Columbia",,Canada,4.288
july-15-1993-cayuga-county-fairgrounds-weedsport-ny-usa,1993-07-15,Cayuga County Fairgrounds,Weedsport,NY,USA,4.277
august-08-1993-nautica-stage-cleveland-oh-usa,1993-08-08,Nautica Stage,Cleveland,OH,USA,4.275
july-16-1993-the-mann-center-for-the-performing-arts-philadelphia-pa-usa,1993-07-16,The Mann Center for the Performing Arts,Philadelphia,PA,USA,4.271
february-03-1993-portland-expo-portland-me-usa,1993-02-03,Portland Expo,Portland,ME,USA,4.268
july-25-1993-waterloo-village-stanhope-nj-usa,1993-07-25,Waterloo Village,Stanhope,NJ,USA,4.268
march-28-1993-east-gym-humboldt-state-university-arcata-ca-usa,1993-03-28,"East Gym, Humboldt State University",Arcata,CA,USA,4.265
august-06-1993-cincinnati-zoo-peacock-pavilion-cincinnati-oh-usa,1993-08-06,Cincinnati Zoo Peacock Pavilion,Cincinnati,OH,USA,4.264
august-09-1993-concert-hall-toronto-ontario-canada,1993-08-09,Concert Hall,"Toronto, Ontario",,Canada,4.263
april-29-1993-le-spectrum-montral-qubec-canada,1993-04-29,Le Spectrum,"Montréal, Québec",,Canada,4.256
march-25-1993-santa-cruz-civic-auditorium-santa-cruz-ca-usa,1993-03-25,Santa Cruz Civic Auditorium,Santa Cruz,CA,USA,4.256
april-21-1993-newport-music-hall-columbus-oh-usa,1993-04-21,Newport Music Hall,Columbus,OH,USA,4.255
april-18-1993-michigan-theater-ann-arbor-mi-usa,1993-04-18,Michigan Theater,Ann Arbor,MI,USA,4.25
august-11-1993-eastbrook-theatre-grand-rapids-mi-usa,1993-08-11,Eastbrook Theatre,Grand Rapids,MI,USA,4.25
march-19-1993-the-greek-theatre-redlands-ca-usa,1993-03-19,The Greek Theatre,Redlands,CA,USA,4.225
april-17-1993-michigan-theater-ann-arbor-mi-usa,1993-04-17,Michigan Theater,Ann Arbor,MI,USA,4.2
july-30-1993-the-veranda-at-starwood-antioch-tn-usa,1993-07-30,The Veranda at Starwood,Antioch,TN,USA,4.178
february-21-1993-roxy-theatre-atlanta-ga-usa,1993-02-21,Roxy Theatre,Atlanta,GA,USA,4.146
march-05-1993-deep-ellum-live-dallas-tx-usa,1993-03-05,Deep Ellum Live,Dallas,TX,USA,4.138
march-31-1993-roseland-theater-portland-or-usa,1993-03-31,Roseland Theater,Portland,OR,USA,4.125
april-10-1993-aragon-ballroom-chicago-il-usa,1993-04-10,Aragon Ballroom,Chicago,IL,USA,4.082
february-07-1993-lisner-auditorium-george-washington-university-washington-dc-usa,1993-02-07,"Lisner Auditorium, George Washington University",Washington,DC,USA,4.065
march-12-1993-dobson-arena-vail-co-usa,1993-03-12,Dobson Arena,Vail,CO,USA,4.065
february-25-1993-the-cameo-theatre-miami-beach-fl-usa,1993-02-25,The Cameo Theatre,Miami Beach,FL,USA,4.024
february-05-1993-roseland-ballroom-new-york-ny-usa,1993-02-05,Roseland Ballroom,New York,NY,USA,4.023
may-07-1993-bangor-auditorium-bangor-me-usa,1993-05-07,Bangor Auditorium,Bangor,ME,USA,4.0
february-18-1993-electric-ballroom-knoxville-tn-usa,1993-02-18,Electric Ballroom,Knoxville,TN,USA,3.974
march-02-1993-tipitinas-new-orleans-la-usa,1993-03-02,Tipitina's,New Orleans,LA,USA,3.969
april-16-1993-the-macauley-theater-louisville-ky-usa,1993-04-16,The Macauley Theater,Louisville,KY,USA,3.957
december-29-1993-new-haven-veterans-memorial-coliseum-new-haven-ct-usa,1993-12-29,New Haven Veterans Memorial Coliseum,New Haven,CT,USA,3.927
december-28-1993-bender-arena-american-university-washington-dc-usa,1993-12-28,"Bender Arena, American University",Washington,DC,USA,3.924
april-01-1993-gov-tom-mccall-waterfront-park-portland-or-usa,1993-04-01,Gov. Tom McCall Waterfront Park,Portland,OR,USA,3.917
july-31-1993-masquerade-music-park-atlanta-ga-usa,1993-07-31,Masquerade Music Park,Atlanta,GA,USA,3.909
april-09-1993-state-theatre-minneapolis-mn-usa,1993-04-09,State Theatre,Minneapolis,MN,USA,3.9
march-26-1993-warfield-theatre-san-francisco-ca-usa,1993-03-26,Warfield Theatre,San Francisco,CA,USA,3.895
may-01-1993-tower-theatre-upper-darby-pa-usa,1993-05-01,Tower Theatre,Upper Darby,PA,USA,3.889
february-06-1993-roseland-ballroom-new-york-ny-usa,1993-02-06,Roseland Ballroom,New York,NY,USA,3.875
july-23-1993-jones-beach-amphitheater-wantagh-ny-usa,1993-07-23,Jones Beach Amphitheater,Wantagh,NY,USA,3.865
april-20-1993-newport-music-hall-columbus-oh-usa,1993-04-20,Newport Music Hall,Columbus,OH,USA,3.865
march-08-1993-sweeney-center-santa-fe-nm-usa,1993-03-08,Sweeney Center,Santa Fe,NM,USA,3.859
january-28-1993-hard-rock-cafe-boston-ma-usa,1993-01-28,Hard Rock Cafe,Boston,MA,USA,3.857
july-17-1993-the-filene-center-at-wolf-trap-vienna-va-usa,1993-07-17,The Filene Center at Wolf Trap,Vienna,VA,USA,3.843
may-02-1993-tower-theatre-upper-darby-pa-usa,1993-05-02,Tower Theatre,Upper Darby,PA,USA,3.818
april-12-1993-imu-ballroom-university-of-iowa-iowa-city-ia-usa,1993-04-12,"Iowa Memorial Union Main Lounge, University of Iowa",Iowa City,IA,USA,3.807
july-18-1993-ic-light-amphitheater-pittsburgh-pa-usa,1993-07-18,IC Light Amphitheater,Pittsburgh,PA,USA,3.794
march-03-1993-tipitinas-new-orleans-la-usa,1993-03-03,Tipitina's,New Orleans,LA,USA,3.765
april-01-1993-roseland-theater-portland-or-usa,1993-04-01,Roseland Theater,Portland,OR,USA,3.741
april-27-1993-concert-hall-toronto-ontario-canada,1993-04-27,Concert Hall,"Toronto, Ontario",,Canada,3.741
february-04-1993-providence-performing-arts-center-providence-ri-usa,1993-02-04,Providence Performing Arts Center,Providence,RI,USA,3.735
march-16-1993-celebrity-theatre-phoenix-az-usa,1993-03-16,Celebrity Theatre,Phoenix,AZ,USA,3.719
february-13-1993-bob-carpenter-center-university-of-delaware-newark-de-usa,1993-02-13,"Bob Carpenter Center, University of Delaware",Newark,DE,USA,3.7
march-18-1993-the-palace-hollywood-ca-usa,1993-03-18,The Palace,Hollywood,CA,USA,3.697
april-23-1993-cotterell-court-reid-athletic-center-colgate-university-hamilton-ny-usa,1993-04-23,"Cotterell Court, Reid Athletic Center, Colgate University",Hamilton,NY,USA,3.684
february-26-1993-ritz-theatre-tampa-fl-usa,1993-02-26,Ritz Theatre,Tampa,FL,USA,3.6
february-17-1993-benton-convention-center-winston-salem-nc-usa,1993-02-17,Benton Convention Center,Winston-Salem,NC,USA,3.567
march-24-1993-luther-burbank-center-for-the-arts-santa-rosa-ca-usa,1993-03-24,Luther Burbank Center for the Arts,Santa Rosa,CA,USA,3.567
march-21-1993-ventura-theatre-ventura-ca-usa,1993-03-21,Ventura Theatre,Ventura,CA,USA,3.548
february-09-1993-auditorium-theatre-rochester-ny-usa,1993-02-09,Auditorium Theatre,Rochester,NY,USA,3.543
april-13-1993-memorial-hall-kansas-city-ks-usa,1993-04-13,Memorial Hall,Kansas City,KS,USA,3.542
april-22-1993-the-agora-theatre-cleveland-oh-usa,1993-04-22,The Agora Theatre,Cleveland,OH,USA,3.526
april-02-1993-mt-baker-theatre-bellingham-wa-usa,1993-04-02,Mt. Baker Theatre,Bellingham,WA,USA,3.5
july-19-1993-pier-six-concert-pavilion-baltimore-md-usa,1993-07-19,Pier Six Concert Pavilion,Baltimore,MD,USA,3.476
february-27-1993-florida-theatre-gainesville-fl-usa,1993-02-27,Florida Theatre,Gainesville,FL,USA,3.469
may-29-1993-laguna-seca-raceway-monterey-ca-usa,1993-05-29,Laguna Seca Raceway,Monterey,CA,USA,3.462
july-28-1993-grady-cole-center-charlotte-nc-usa,1993-07-28,Grady Cole Center,Charlotte,NC,USA,3.452
march-17-1993-the-palace-hollywood-ca-usa,1993-03-17,The Palace,Hollywood,CA,USA,3.433
july-27-1993-classic-amphitheater-richmond-va-usa,1993-07-27,Classic Amphitheater,Richmond,VA,USA,3.395
july-22-1993-stowe-performing-arts-center-stowe-vt-usa,1993-07-22,Stowe Performing Arts Center,Stowe,VT,USA,3.385
may-30-1993-laguna-seca-raceway-monterey-ca-usa,1993-05-30,Laguna Seca Raceway,Monterey,CA,USA,3.36
march-06-1993-liberty-lunch-austin-tx-usa,1993-03-06,Liberty Lunch,Austin,TX,USA,3.333
april-30-1993-sports-center-university-of-hartford-west-hartford-ct-usa,1993-04-30,"Sports Center, University of Hartford",West Hartford,CT,USA,3.321
february-15-1993-memorial-hall-university-of-north-carolina-chapel-hill-nc-usa,1993-02-15,"Memorial Hall, University of North Carolina",Chapel Hill,NC,USA,3.32
april-05-1993-hub-ballroom-seattle-wa-usa,1993-04-05,HUB Ballroom,Seattle,WA,USA,3.318
july-29-1993-tennessee-theatre-knoxville-tn-usa,1993-07-29,Tennessee Theatre,Knoxville,TN,USA,3.276
february-11-1993-haas-center-for-the-arts-bloomsburg-pa-usa,1993-02-11,Haas Center for the Arts,Bloomsburg,PA,USA,3.267
february-23-1993-the-edge-night-club-orlando-fl-usa,1993-02-23,The Edge Night Club,Orlando,FL,USA,3.24
april-24-1993-cheel-arena-clarkson-university-potsdam-ny-usa,1993-04-24,"Cheel Arena, Clarkson University",Potsdam,NY,USA,3.2
august-03-1993-bayfront-park-amphitheater-miami-fl-usa,1993-08-03,Bayfront Park Amphitheater,Miami,FL,USA,3.179
february-10-1993-smith-opera-house-geneva-ny-usa,1993-02-10,Smith Opera House,Geneva,NY,USA,3.161
february-22-1993-the-moon-tallahassee-fl-usa,1993-02-22,The Moon,Tallahassee,FL,USA,3.034
july-21-1993-orange-county-fairgrounds-middletown-ny-usa,1993-07-21,Orange County Fairgrounds,Middletown,NY,USA,2.75
