show_id,date,venue,city,state,country,rating
december-30-2022-madison-square-garden-new-york-ny-usa,2022-12-30,Madison Square Garden,New York,NY,USA,4.528
april-22-2022-madison-square-garden-new-york-ny-usa,2022-04-22,Madison Square Garden,New York,NY,USA,4.524
april-21-2022-madison-square-garden-new-york-ny-usa,2022-04-21,Madison Square Garden,New York,NY,USA,4.486
december-31-2022-madison-square-garden-new-york-ny-usa,2022-12-31,Madison Square Garden,New York,NY,USA,4.477
december-29-2022-madison-square-garden-new-york-ny-usa,2022-12-29,Madison Square Garden,New York,NY,USA,4.465
april-23-2022-madison-square-garden-new-york-ny-usa,2022-04-23,Madison Square Garden,New York,NY,USA,4.373
july-23-2022-bethel-woods-center-for-the-arts-bethel-ny-usa,2022-07-23,Bethel Woods Center for the Arts,Bethel,NY,USA,4.369
august-05-2022-atlantic-city-beach-atlantic-city-nj-usa,2022-08-05,Atlantic City Beach,Atlantic City,NJ,USA,4.352
august-02-2022-blossom-music-center-cuyahoga-falls-oh-usa,2022-08-02,Blossom Music Center,Cuyahoga Falls,OH,USA,4.327
september-03-2022-dicks-sporting-goods-park-commerce-city-co-usa,2022-09-03,Dick's Sporting Goods Park,Commerce City,CO,USA,4.293
september-02-2022-dicks-sporting-goods-park-commerce-city-co-usa,2022-09-02,Dick's Sporting Goods Park,Commerce City,CO,USA,4.243
july-16-2022-maine-savings-amphitheater-bangor-me-usa,2022-07-16,Maine Savings Amphitheater,Bangor,ME,USA,4.231
july-19-2022-td-pavilion-at-the-mann-philadelphia-pa-usa,2022-07-19,TD Pavilion at the Mann,Philadelphia,PA,USA,4.145
june-04-2022-ruoff-music-center-noblesville-in-usa,2022-06-04,Ruoff Music Center,Noblesville,IN,USA,4.116
september-04-2022-dicks-sporting-goods-park-commerce-city-co-usa,2022-09-04,Dick's Sporting Goods Park,Commerce City,CO,USA,4.044
february-25-2022-moon-palace-cancun-quintana-roo-mexico,2022-02-25,Moon Palace,"Cancun, Quintana Roo",,Mexico,4.038
august-07-2022-atlantic-city-beach-atlantic-city-nj-usa,2022-08-07,Atlantic City Beach,Atlantic City,NJ,USA,4.03
february-26-2022-moon-palace-cancun-quintana-roo-mexico,2022-02-26,Moon Palace,"Cancun, Quintana Roo",,Mexico,4.003
july-30-2022-merriweather-post-pavilion-columbia-md-usa,2022-07-30,Merriweather Post Pavilion,Columbia,MD,USA,3.994
july-24-2022-xfinity-theatre-hartford-ct-usa,2022-07-24,Xfinity Theatre,Hartford,CT,USA,3.984
july-29-2022-coastal-credit-union-music-park-at-walnut-creek-raleigh-nc-usa,2022-07-29,Coastal Credit Union Music Park at Walnut Creek,Raleigh,NC,USA,3.977
august-13-2022-alpine-valley-music-theatre-east-troy-wi-usa,2022-08-13,Alpine Valley Music Theatre,East Troy,WI,USA,3.948
august-06-2022-atlantic-city-beach-atlantic-city-nj-usa,2022-08-06,Atlantic City Beach,Atlantic City,NJ,USA,3.93
august-10-2022-budweiser-stage-toronto-ontario-canada,2022-08-10,Budweiser Stage,"Toronto, Ontario",,Canada,3.916
july-27-2022-northwell-health-at-jones-beach-theater-wantagh-ny-usa,2022-07-27,Northwell Health at Jones Beach Theater,Wantagh,NY,USA,3.907
july-22-2022-bethel-woods-center-for-the-arts-bethel-ny-usa,2022-07-22,Bethel Woods Center for the Arts,Bethel,NY,USA,3.876
june-05-2022-ruoff-music-center-noblesville-in-usa,2022-06-05,Ruoff Music Center,Noblesville,IN,USA,3.872
may-28-2022-the-wharf-amphitheater-orange-beach-al-usa,2022-05-28,The Wharf Amphitheater,Orange Beach,AL,USA,3.857
july-26-2022-northwell-health-at-jones-beach-theater-wantagh-ny-usa,2022-07-26,Northwell Health at Jones Beach Theater,Wantagh,NY,USA,3.847
july-31-2022-merriweather-post-pavilion-columbia-md-usa,2022-07-31,Merriweather Post Pavilion,Columbia,MD,USA,3.845
june-03-2022-ruoff-music-center-noblesville-in-usa,2022-06-03,Ruoff Music Center,Noblesville,IN,USA,3.812
december-28-2022-madison-square-garden-new-york-ny-usa,2022-12-28,Madison Square Garden,New York,NY,USA,3.778
september-01-2022-dicks-sporting-goods-park-commerce-city-co-usa,2022-09-01,Dick's Sporting Goods Park,Commerce City,CO,USA,3.774
august-03-2022-pine-knob-music-theatre-clarkston-mi-usa,2022-08-03,Pine Knob Music Theatre,Clarkston,MI,USA,3.765
july-20-2022-td-pavilion-at-the-mann-philadelphia-pa-usa,2022-07-20,TD Pavilion at the Mann,Philadelphia,PA,USA,3.738
august-12-2022-alpine-valley-music-theatre-east-troy-wi-usa,2022-08-12,Alpine Valley Music Theatre,East Troy,WI,USA,3.724
june-01-2022-credit-one-stadium-charleston-sc-usa,2022-06-01,Credit One Stadium,Charleston,SC,USA,3.712
july-15-2022-xfinity-center-mansfield-ma-usa,2022-07-15,Xfinity Center,Mansfield,MA,USA,3.709
may-29-2022-the-wharf-amphitheater-orange-beach-al-usa,2022-05-29,The Wharf Amphitheater,Orange Beach,AL,USA,3.682
may-27-2022-the-wharf-amphitheater-orange-beach-al-usa,2022-05-27,The Wharf Amphitheater,Orange Beach,AL,USA,3.664
july-14-2022-xfinity-center-mansfield-ma-usa,2022-07-14,Xfinity Center,Mansfield,MA,USA,3.647
april-20-2022-madison-square-garden-new-york-ny-usa,2022-04-20,Madison Square Garden,New York,NY,USA,3.59
may-31-2022-credit-one-stadium-charleston-sc-usa,2022-05-31,Credit One Stadium,Charleston,SC,USA,3.516
august-14-2022-alpine-valley-music-theatre-east-troy-wi-usa,2022-08-14,Alpine Valley Music Theatre,East Troy,WI,USA,3.459
february-24-2022-moon-palace-cancun-quintana-roo-mexico,2022-02-24,Moon Palace,"Cancun, Quintana Roo",,Mexico,3.388
february-23-2022-moon-palace-cancun-quintana-roo-mexico,2022-02-23,Moon Palace,"Cancun, Quintana Roo",,Mexico,3.372
february-27-2022-moon-palace-cancun-quintana-roo-mexico,2022-02-27,Moon Palace,"Cancun, Quintana Roo",,Mexico,3.368
